Country,flag_url
Australia,https://flagcdn.com/w80/au.png
Austria,https://flagcdn.com/w80/at.png
Bahrain,
Belgium,https://flagcdn.com/w80/be.png
Brazil,https://flagcdn.com/w80/br.png
Canada,https://flagcdn.com/w80/ca.png
Channel Islands,https://flagcdn.com/w80/je.png
Cyprus,https://flagcdn.com/w80/cy.png
Czech Republic,https://flagcdn.com/w80/cz.png
Denmark,https://flagcdn.com/w80/dk.png
EIRE,https://flagcdn.com/w80/ie.png
European Community,https://flagcdn.com/w80/eu.png
Finland,https://flagcdn.com/w80/fi.png
France,https://flagcdn.com/w80/fr.png
Germany,https://flagcdn.com/w80/de.png
Greece,https://flagcdn.com/w80/gr.png
Iceland,https://flagcdn.com/w80/is.png
Israel,https://flagcdn.com/w80/il.png
Italy,https://flagcdn.com/w80/it.png
Japan,https://flagcdn.com/w80/jp.png
Korea,
Lebanon,
Lithuania,https://flagcdn.com/w80/lt.png
Malta,https://flagcdn.com/w80/mt.png
Netherlands,https://flagcdn.com/w80/nl.png
Nigeria,
Norway,https://flagcdn.com/w80/no.png
Poland,https://flagcdn.com/w80/pl.png
Portugal,https://flagcdn.com/w80/pt.png
RSA,
Saudi Arabia,
Singapore,https://flagcdn.com/w80/sg.png
Spain,https://flagcdn.com/w80/es.png
Sweden,https://flagcdn.com/w80/se.png
Switzerland,https://flagcdn.com/w80/ch.png
Thailand,
USA,https://flagcdn.com/w80/us.png
United Arab Emirates,
United Kingdom,https://flagcdn.com/w80/gb.png
Unspecified,
West Indies,
